sample_id,Diet,Sex,Wave,BMI_17wk,TC_18wk
DO0561,HC/LF,Female,1,2.703601108,63.14606742
DO0562,HF/LC,Female,1,2.734414856,75.90425532
DO0563,HC/LF,Female,1,2.581369248,80.38043478
DO0564,HF/LC,Female,1,3.35,97.23404255
DO0565,HC/LF,Female,1,2.973090278,52.28723404
DO0566,HF/LC,Female,1,2.581369248,91.48351648
DO0567,HC/LF,Female,1,2.393351801,54.84375
DO0568,HF/LC,Female,1,2.449185709,69.47916667
DO0569,HC/LF,Female,1,2.367105397,51.17021277
DO0570,HF/LC,Female,1,3.02734375,104.8295455
DO0571,HC/LF,Female,1,2.667658625,48.84615385
DO0572,HF/LC,Female,1,2.53,67.36263736
DO0573,HC/LF,Female,1,2.439318923,91.81318681
DO0574,HF/LC,Female,1,2.707205331,115.4945055
DO0575,HC/LF,Female,1,2.929705215,37.02247191
DO0576,HF/LC,Female,1,2.64,113.1521739
DO0577,HC/LF,Female,1,2.784065188,70.28409091
DO0578,HF/LC,Female,1,2.83203125,97.65957447
DO0579,HC/LF,Female,1,2.465724307,75.65217391
DO0580,HF/LC,Female,1,2.999693909,91.81318681
DO0581,HC/LF,Female,1,2.693526483,71.64835165
DO0582,HF/LC,Female,1,2.634319034,91.14130435
DO0583,HC/LF,Female,1,2.563799622,55.10752688
DO0584,HF/LC,Female,1,2.114839319,70.54347826
DO0585,HC/LF,Female,1,2.584228958,50.16304348
DO0586,HF/LC,Female,1,2.654320988,74.38202247
DO0587,HC/LF,Female,1,2.614958449,71.37362637
DO0589,HC/LF,Female,1,2.789256198,79.29347826
DO0590,HF/LC,Female,1,2.300844028,110.6043956
DO0591,HC/LF,Female,1,2.814404432,59.36842105
DO0593,HC/LF,Female,1,2.543646664,78.63636364
DO0594,HF/LC,Female,1,2.44140625,58.46153846
DO0595,HC/LF,Female,1,2.670891806,46.04395604
DO0596,HF/LC,Female,1,2.485836513,97.08791209
DO0597,HC/LF,Female,1,2.294408888,32.7173913
DO0598,HF/LC,Female,1,2.312406059,54.05555556
DO0599,HC/LF,Female,1,2.795196089,62.11111111
DO0600,HF/LC,Female,1,2.691358025,53.05263158
DO0601,HC/LF,Female,1,2.32,63.90625
DO0602,HF/LC,Female,1,2.581369248,144.3406593
DO0603,HC/LF,Female,1,2.790123457,80.58510638
DO0604,HF/LC,Female,1,2.415660142,69.27777778
DO0605,HC/LF,Female,1,2.451394759,43.51648352
DO0606,HF/LC,Female,1,2.95382526,
DO0607,HC/LF,Female,1,3.02734375,79.3956044
DO0608,HF/LC,Female,1,2.408854167,80.10752688
DO0609,HC/LF,Female,1,2.550183058,59.83146067
DO0610,HF/LC,Female,1,2.16066482,61.73913043
DO0611,HC/LF,Male,1,3.04,77.83333333
DO0612,HF/LC,Male,1,3.450520833,80.05555556
DO0613,HC/LF,Male,1,2.983940972,62.9787234
DO0614,HF/LC,Male,1,3.498654364,112.9120879
DO0615,HC/LF,Male,1,3.103298611,97.03296703
DO0616,HF/LC,Male,1,3.244357639,91.19791667
DO0617,HC/LF,Male,1,3.05,55.93406593
DO0618,HF/LC,Male,1,2.728029988,75.32967033
DO0619,HC/LF,Male,1,3.319156805,128.4444444
DO0620,HF/LC,Male,1,3.035158827,73.95833333
DO0621,HC/LF,Male,1,3.883495146,98.26086957
DO0622,HF/LC,Male,1,3.845791309,126.5425532
DO0623,HC/LF,Male,1,3.156552237,93.65168539
DO0624,HF/LC,Male,1,3.75,158.1818182
DO0625,HC/LF,Male,1,3.157696296,72.02247191
DO0626,HF/LC,Male,1,3.987184051,130.8510638
DO0627,HC/LF,Male,1,3.145924115,100.0543478
DO0628,HF/LC,Male,1,4.133025759,108.4615385
DO0629,HC/LF,Male,1,3.095463138,95
DO0630,HF/LC,Male,1,3.76433683,65.27777778
DO0631,HC/LF,Male,1,3.373594336,64.41489362
DO0632,HF/LC,Male,1,3.851864792,150.1630435
DO0633,HC/LF,Male,1,3.795531068,137.9545455
DO0634,HF/LC,Male,1,3.787004998,100.4891304
DO0635,HC/LF,Male,1,3.142536476,84.94505495
DO0637,HC/LF,Male,1,2.825484765,61.27659574
DO0638,HF/LC,Male,1,3.148270337,103.3146067
DO0639,HC/LF,Male,1,3.854875283,89.61538462
DO0640,HF/LC,Male,1,2.936288089,106.25
DO0641,HC/LF,Male,1,3.691609977,98.48958333
DO0642,HF/LC,Male,1,3.764520919,115.2840909
DO0643,HC/LF,Male,1,3.379742799,66.4516129
DO0644,HF/LC,Male,1,3.008458285,92.23958333
DO0645,HC/LF,Male,1,3.634817728,115.1685393
DO0646,HF/LC,Male,1,2.836565097,57.39361702
DO0647,HC/LF,Male,1,3.498654364,92.41573034
DO0648,HF/LC,Male,1,3.475395898,79.94505495
DO0649,HC/LF,Male,1,3.346260388,107.688172
DO0650,HF/LC,Male,1,3.550603915,93
DO0651,HC/LF,Male,1,3.736961451,111.043956
DO0652,HF/LC,Male,1,2.907866544,117.3888889
DO0653,HC/LF,Male,1,2.936276551,72.22222222
DO0654,HF/LC,Male,1,3.342357351,65.96774194
DO0655,HC/LF,Male,1,3.327801555,100.4395604
DO0656,HF/LC,Male,1,3.02,130.2247191
DO0657,HC/LF,Male,1,3.196584756,60.05494505
DO0658,HF/LC,Male,1,2.919873246,68.44086022
DO0659,HC/LF,Male,1,3.050271017,64.45652174
DO0660,HF/LC,Male,1,4.69,113.2417582
DO0661,HC/LF,Female,2,2.68194707,73.20652174
DO0662,HF/LC,Female,2,2.371191136,84.73958333
DO0663,HC/LF,Female,2,2.489541883,116.5168539
DO0664,HF/LC,Female,2,2.469135802,96.02150538
DO0665,HC/LF,Female,2,2.543904959,50.88541667
DO0666,HF/LC,Female,2,2.508236795,61.86813187
DO0667,HC/LF,Female,2,2.987777275,71.16666667
DO0668,HF/LC,Female,2,2.729138993,61.59340659
DO0669,HC/LF,Female,2,2.49,70.43956044
DO0670,HF/LC,Female,2,2.111111111,76.48351648
DO0671,HC/LF,Female,2,2.38069933,56.31868132
DO0672,HF/LC,Female,2,3.854875283,86.44444444
DO0673,HC/LF,Female,2,2.728639149,103.3146067
DO0674,HF/LC,Female,2,2.647704937,75.63829787
DO0675,HC/LF,Female,2,2.681440443,64.14893617
DO0676,HF/LC,Female,2,2.518518519,66.02150538
DO0677,HC/LF,Female,2,2.489951965,80.76923077
DO0678,HF/LC,Female,2,2.975874163,114.4382022
DO0679,HC/LF,Female,2,2.456790123,80.61111111
DO0680,HF/LC,Female,2,2.444545043,121.5934066
DO0681,HC/LF,Female,2,2.373437697,93.94444444
DO0682,HF/LC,Female,2,2.493074792,85.71428571
DO0683,HC/LF,Female,2,2.75,62.30769231
DO0684,HF/LC,Female,2,2.71,58.90625
DO0685,HC/LF,Female,2,2.451150422,74.72826087
DO0686,HF/LC,Female,2,2.729206049,66.25
DO0687,HC/LF,Female,2,2.364909499,51.72222222
DO0688,HF/LC,Female,2,2.636142907,92.23404255
DO0689,HC/LF,Female,2,3.176652893,65.625
DO0690,HF/LC,Female,2,2.776465028,58.97727273
DO0691,HC/LF,Female,2,2.847633136,54.46808511
DO0692,HF/LC,Female,2,2.897238569,98.79120879
DO0693,HC/LF,Female,2,2.717617659,56.75531915
DO0694,HF/LC,Female,2,3.129418418,81.48351648
DO0695,HC/LF,Female,2,2.561432736,65.2247191
DO0696,HF/LC,Female,2,2.484809028,76.32978723
DO0697,HC/LF,Female,2,2.561377405,52.36263736
DO0698,HF/LC,Female,2,3.046905037,68.53932584
DO0699,HC/LF,Female,2,2.244456463,84.24731183
DO0700,HF/LC,Female,2,2.45,65
DO0701,HC/LF,Female,2,2.43767313,74.58333333
DO0702,HF/LC,Female,2,4.132766272,45.92391304
DO0703,HC/LF,Female,2,2.444468062,97.85714286
DO0704,HF/LC,Female,2,2.45,74.7826087
DO0705,HC/LF,Female,2,3.34,102.8651685
DO0706,HF/LC,Female,2,2.540121161,68.29545455
DO0707,HC/LF,Female,2,2.994791667,70.48913043
DO0708,HF/LC,Female,2,2.867054382,74.20212766
DO0709,HC/LF,Female,2,3.335048011,83.07692308
DO0710,HF/LC,Female,2,3.14,109.4021739
DO0711,HF/LC,Female,2,2.16813689,
DO0712,HC/LF,Male,2,3.32,66.97802198
DO0713,HF/LC,Male,2,3.79,92.95698925
DO0714,HC/LF,Male,2,2.994565846,
DO0715,HF/LC,Male,2,3.652441369,154
DO0716,HC/LF,Male,2,3.420857988,99.41489362
DO0717,HF/LC,Male,2,3.494822485,131.6145833
DO0718,HC/LF,Male,2,2.848336699,90.70652174
DO0720,HC/LF,Male,2,3.09,52.29166667
DO0721,HF/LC,Male,2,3.605769231,124.3478261
DO0722,HC/LF,Male,2,3.476286139,132.0879121
DO0723,HF/LC,Male,2,3.45,93.57142857
DO0724,HC/LF,Male,2,3.758850479,84.43820225
DO0725,HF/LC,Male,2,4.058383766,100.923913
DO0726,HC/LF,Male,2,3.705519067,113.3516484
DO0727,HF/LC,Male,2,3.071636818,63.9893617
DO0728,HC/LF,Male,2,3.657272127,109.5604396
DO0729,HF/LC,Male,2,3.587278107,120.7065217
DO0730,HC/LF,Male,2,2.821180556,61.51685393
DO0731,HF/LC,Male,2,2.811328613,131.7032967
DO0732,HC/LF,Male,2,3.138844377,140.2272727
DO0733,HF/LC,Male,2,3.904271115,90.84269663
DO0734,HC/LF,Male,2,3.473922902,72.60638298
DO0735,HF/LC,Male,2,3.534626039,87.81914894
DO0736,HC/LF,Male,2,3.306420607,84.24731183
DO0738,HC/LF,Male,2,3.01,89.34065934
DO0739,HF/LC,Male,2,3.186172428,84.88888889
DO0740,HC/LF,Male,2,3.142536476,122.8021978
DO0741,HF/LC,Male,2,3.23,115.1098901
DO0742,HC/LF,Male,2,3.176548214,73.58695652
DO0743,HF/LC,Male,2,2.918069585,123.2967033
DO0744,HC/LF,Male,2,3.247165533,106.5555556
DO0745,HF/LC,Male,2,3.665139525,85.27472527
DO0746,HC/LF,Male,2,3.132231405,90.33333333
DO0747,HF/LC,Male,2,3.285379043,98.07291667
DO0748,HC/LF,Male,2,3.381986472,76.30434783
DO0749,HF/LC,Male,2,3.365067396,100.2659574
DO0750,HC/LF,Male,2,3.902345252,73.98876404
DO0751,HF/LC,Male,2,3.114186851,80.39325843
DO0752,HC/LF,Male,2,3.402771232,105.1595745
DO0753,HF/LC,Male,2,3.64544585,90.54945055
DO0754,HC/LF,Male,2,3.02,46.25
DO0755,HF/LC,Male,2,3.18,85.72222222
DO0756,HC/LF,Male,2,2.657596372,
DO0757,HF/LC,Male,2,3.2241608,102.5568182
DO0758,HC/LF,Male,2,3.262833457,121.4285714
DO0759,HF/LC,Male,2,3.670488166,120.1052632
DO0760,HC/LF,Male,2,3.181468666,60.72222222
DO0761,HF/LC,Male,2,3.483072917,129.4318182
DO0762,HC/LF,Female,3,2.681440443,74.56989247
DO0763,HF/LC,Female,3,2.299934018,125.6666667
DO0764,HC/LF,Female,3,2.38,82.55208333
DO0765,HF/LC,Female,3,2.648199446,69.20212766
DO0766,HC/LF,Female,3,2.591670439,55.22222222
DO0767,HF/LC,Female,3,2.395061728,54.30851064
DO0769,HF/LC,Female,3,3.040506071,68.24468085
DO0770,HC/LF,Female,3,2.149584488,86.38888889
DO0771,HF/LC,Female,3,3.851606805,90.64516129
DO0772,HC/LF,Female,3,2.297689686,56.31868132
DO0773,HF/LC,Female,3,2.413045527,84.83695652
DO0774,HC/LF,Female,3,2.748942714,71.34831461
DO0775,HF/LC,Female,3,2.394193609,79.31578947
DO0776,HC/LF,Female,3,3.433922997,82.85714286
DO0777,HF/LC,Female,3,2.503401361,102.8888889
DO0778,HC/LF,Female,3,2.72,65.10989011
DO0779,HF/LC,Female,3,3,124.6703297
DO0780,HC/LF,Female,3,3.07,63.15789474
DO0781,HF/LC,Female,3,2.837708577,81.98924731
DO0782,HC/LF,Female,3,2.421910367,86.45833333
DO0783,HF/LC,Female,3,2.680121528,128.4090909
DO0784,HC/LF,Female,3,2.215100386,78.67021277
DO0785,HF/LC,Female,3,2.38,80.4787234
DO0786,HC/LF,Female,3,2.479027241,106.1702128
DO0787,HF/LC,Female,3,2.46059208,66.04166667
DO0788,HC/LF,Female,3,2.614958449,70.97826087
DO0789,HF/LC,Female,3,2.770083102,90.73033708
DO0790,HC/LF,Female,3,2.105263158,67.3655914
DO0791,HF/LC,Female,3,5.259313367,152.2222222
DO0792,HC/LF,Female,3,2.49,90.49450549
DO0793,HF/LC,Female,3,2.665556018,100.8791209
DO0794,HC/LF,Female,3,2.705515088,78.91304348
DO0795,HF/LC,Female,3,2.799479167,86.51685393
DO0796,HC/LF,Female,3,2.5390625,65.21276596
DO0797,HF/LC,Female,3,2.811909263,74.51086957
DO0798,HC/LF,Female,3,2.835538752,63.98876404
DO0799,HF/LC,Female,3,2.486980551,83.69565217
DO0800,HC/LF,Female,3,2.38177824,60.90909091
DO0801,HF/LC,Female,3,2.358024691,71.91011236
DO0802,HC/LF,Female,3,2.589894786,97.60638298
DO0803,HF/LC,Female,3,3.123698459,87.25274725
DO0804,HC/LF,Female,3,2.332361516,
DO0805,HF/LC,Female,3,2.43383994,84.83516484
DO0806,HC/LF,Female,3,3.03601108,71.92307692
DO0807,HF/LC,Female,3,2.805836139,126.5384615
DO0808,HC/LF,Female,3,2.785430058,77.06521739
DO0809,HF/LC,Female,3,3.689452241,132.9213483
DO0810,HC/LF,Female,3,2.891873346,83.56382979
DO0811,HF/LC,Female,3,2.878945543,72.1978022
DO0812,HC/LF,Male,3,3.842760514,88.11827957
DO0813,HF/LC,Male,3,3.111927354,143.2022472
DO0814,HC/LF,Male,3,3.4,123.9130435
DO0815,HF/LC,Male,3,4.14,104.0322581
DO0816,HC/LF,Male,3,2.958448753,71.59340659
DO0817,HF/LC,Male,3,4.107438017,89.67032967
DO0818,HC/LF,Male,3,3.387409448,130.1595745
DO0819,HF/LC,Male,3,3.195400132,73.62637363
DO0820,HC/LF,Male,3,2.918069585,91.81318681
DO0821,HF/LC,Male,3,3.448627691,87.94444444
DO0822,HC/LF,Male,3,2.499744924,79.01098901
DO0823,HF/LC,Male,3,4.449588477,96.79775281
DO0824,HC/LF,Male,3,3.13,101.4444444
DO0825,HF/LC,Male,3,2.776465028,78.07692308
DO0826,HC/LF,Male,3,3.326602189,112.6373626
DO0827,HF/LC,Male,3,3.458817364,113.2222222
DO0828,HC/LF,Male,3,2.723524306,74.88764045
DO0829,HF/LC,Male,3,3.48,85.57291667
DO0830,HC/LF,Male,3,3.855399408,103.8888889
DO0831,HF/LC,Male,3,3.384006664,82.89473684
DO0832,HC/LF,Male,3,3.736961451,118.5
DO0833,HF/LC,Male,3,3.32,79.375
DO0834,HC/LF,Male,3,4.344671202,102.1910112
DO0835,HF/LC,Male,3,4.400887574,89.0625
DO0836,HC/LF,Male,3,2.82,81.48351648
DO0837,HF/LC,Male,3,3.431372549,86.85393258
DO0838,HC/LF,Male,3,4.453514739,136.4285714
DO0839,HF/LC,Male,3,3.123798539,105.212766
DO0840,HC/LF,Male,3,3.61,85
DO0841,HF/LC,Male,3,2.91,106.8681319
DO0842,HC/LF,Male,3,3.213296399,56.5625
DO0843,HF/LC,Male,3,3.578947368,80.93406593
DO0844,HC/LF,Male,3,3.124667871,76.22340426
DO0845,HF/LC,Male,3,3.78,88.46153846
DO0846,HC/LF,Male,3,3.16,56.35869565
DO0847,HF/LC,Male,3,3.162942557,65.53763441
DO0848,HC/LF,Male,3,2.894627239,61.20879121
DO0849,HF/LC,Male,3,2.958448753,85.15957447
DO0850,HC/LF,Male,3,2.98923491,97.44565217
DO0851,HF/LC,Male,3,4.154195011,100.7978723
DO0852,HC/LF,Male,3,3.718820862,
DO0853,HF/LC,Male,3,3.24,50.97826087
DO0854,HC/LF,Male,3,3.029987505,100.6741573
DO0855,HF/LC,Male,3,3.323203607,
DO0856,HC/LF,Male,3,2.771231973,94.94505495
DO0857,HF/LC,Male,3,3.082155383,168.4782609
DO0858,HC/LF,Male,3,3.235946746,105.4444444
DO0859,HF/LC,Male,3,3.577139971,110.8988764
DO0860,HC/LF,Male,3,3.134110787,86.91489362
DO0861,HF/LC,Male,3,3.613561484,112.8191489
DO0862,HC/LF,Female,4,2.775227018,61.38297872
DO0863,HF/LC,Female,4,2.448729721,72.92134831
DO0864,HC/LF,Female,4,2.171745152,49.01098901
DO0865,HF/LC,Female,4,3.102040816,88.31521739
DO0866,HC/LF,Female,4,2.45,80.71428571
DO0867,HF/LC,Female,4,2.66,85.77777778
DO0868,HC/LF,Female,4,2.581369248,85
DO0869,HF/LC,Female,4,3.420857988,99.5212766
DO0870,HC/LF,Female,4,2.48199446,64.89473684
DO0871,HF/LC,Female,4,2.727478497,81.59340659
DO0872,HC/LF,Female,4,2.467179719,70.33707865
DO0873,HF/LC,Female,4,2.601775329,76.0106383
DO0874,HC/LF,Female,4,2.347092149,64.5
DO0875,HF/LC,Female,4,2.936288089,79.7311828
DO0876,HC/LF,Female,4,2.582633649,71.81818182
DO0877,HF/LC,Female,4,2.66,130.2197802
DO0878,HC/LF,Female,4,3.157894737,70
DO0879,HF/LC,Female,4,2.493074792,68.09782609
DO0880,HC/LF,Female,4,2.274784971,34.83870968
DO0881,HF/LC,Female,4,2.585034014,65.15957447
DO0882,HC/LF,Female,4,2.77,44.51086957
DO0883,HF/LC,Female,4,2.842565598,86.23595506
DO0884,HC/LF,Female,4,2.811328613,42.41758242
DO0885,HF/LC,Female,4,2.659279778,54.83146067
DO0886,HC/LF,Female,4,2.41,69.94565217
DO0887,HF/LC,Female,4,2.415512465,73.31521739
DO0888,HC/LF,Female,4,2.459833795,75.69148936
DO0889,HF/LC,Female,4,2.478134111,92.8021978
DO0890,HC/LF,Female,4,2.283950617,51.54255319
DO0891,HF/LC,Female,4,3.43,106.0989011
DO0892,HC/LF,Female,4,2.669270833,79.15730337
DO0894,HC/LF,Female,4,2.374010829,68.13186813
DO0895,HF/LC,Female,4,2.329881657,77.58241758
DO0896,HC/LF,Female,4,2.810329861,63.84615385
DO0897,HF/LC,Female,4,2.703601108,61.0989011
DO0898,HC/LF,Female,4,2.200021256,73.22580645
DO0899,HF/LC,Female,4,2.79,82
DO0900,HC/LF,Female,4,3.03,86.84782609
DO0901,HF/LC,Female,4,2.634688091,94.11111111
DO0902,HC/LF,Female,4,3.038194444,54.1011236
DO0903,HF/LC,Female,4,2.727478497,
DO0904,HC/LF,Female,4,2.269887547,43.24175824
DO0905,HF/LC,Female,4,2.535925613,89.48863636
DO0906,HC/LF,Female,4,2.537396122,52.03125
DO0907,HF/LC,Female,4,2.336496276,88.80681818
DO0908,HC/LF,Female,4,2.37,
DO0909,HF/LC,Female,4,2.712018141,68.95833333
DO0910,HC/LF,Female,4,2.504155125,87.76595745
DO0911,HF/LC,Female,4,2.401955574,69.40860215
DO0912,HC/LF,Male,4,2.716161159,76.55913978
DO0913,HF/LC,Male,4,3.77324263,109.9456522
DO0914,HC/LF,Male,4,2.905039567,127.4725275
DO0915,HF/LC,Male,4,3.835063437,96.51041667
DO0916,HC/LF,Male,4,2.967513536,90.83333333
DO0917,HF/LC,Male,4,3.704401923,131.3483146
DO0918,HC/LF,Male,4,2.936288089,79.94318182
DO0919,HF/LC,Male,4,3.285379043,100.989011
DO0920,HC/LF,Male,4,2.933361675,103.8333333
DO0921,HF/LC,Male,4,4.41723356,73.33333333
DO0922,HC/LF,Male,4,3.13,109.1011236
DO0923,HF/LC,Male,4,4.206730769,90.33707865
DO0924,HC/LF,Male,4,3.181468666,83.82978723
DO0925,HF/LC,Male,4,3.911773023,104.9450549
DO0926,HC/LF,Male,4,3.33,98.13186813
DO0927,HF/LC,Male,4,3.09,73.13186813
DO0928,HC/LF,Male,4,3.537101115,95.10989011
DO0929,HF/LC,Male,4,3.489368999,105.4736842
DO0930,HC/LF,Male,4,3.206997085,80.10638298
DO0931,HF/LC,Male,4,4.142011834,122.0454545
DO0932,HC/LF,Male,4,3.156553279,104.2134831
DO0933,HF/LC,Male,4,3.266059028,85.5
DO0934,HC/LF,Male,4,3.12345679,55.92391304
DO0935,HF/LC,Male,4,4.842975207,116.7032967
DO0936,HC/LF,Male,4,3.12,42.55434783
DO0937,HF/LC,Male,4,3.619047619,131.1827957
DO0938,HC/LF,Male,4,3.393121302,150.6666667
DO0939,HF/LC,Male,4,3.646258503,134.9444444
DO0940,HC/LF,Male,4,2.967825444,92.77173913
DO0941,HF/LC,Male,4,2.581717452,93.61702128
DO0942,HC/LF,Male,4,3.27,47.76041667
DO0943,HF/LC,Male,4,3.49,88.76344086
DO0944,HC/LF,Male,4,2.836565097,75.87912088
DO0945,HF/LC,Male,4,4.515034405,121.3586957
DO0946,HC/LF,Male,4,3.029987505,78.15217391
DO0947,HF/LC,Male,4,2.799479167,
DO0948,HC/LF,Male,4,2.910276537,73.18181818
DO0949,HF/LC,Male,4,2.601775329,
DO0950,HC/LF,Male,4,2.716161159,
DO0951,HF/LC,Male,4,3.735207101,98.29545455
DO0952,HC/LF,Male,4,3.757811866,111.6304348
DO0953,HF/LC,Male,4,3.96,135.1685393
DO0954,HC/LF,Male,4,3.69,116.7204301
DO0955,HF/LC,Male,4,3.667590028,159.1304348
DO0956,HC/LF,Male,4,2.842565598,80.95505618
DO0957,HF/LC,Male,4,3.436068305,63.9010989
DO0958,HC/LF,Male,4,3.494822485,87.8021978
DO0959,HF/LC,Male,4,3.346260388,74.5212766
DO0960,HC/LF,Male,4,2.947845805,64.25531915
DO0961,HF/LC,Male,4,3.425655977,92.1978022
DO0962,HC/LF,Female,5,2.312406059,54.16666667
DO0963,HF/LC,Female,5,2.401955574,79.23076923
DO0964,HC/LF,Female,5,2.33,59.5505618
DO0965,HF/LC,Female,5,3.159487362,91.44444444
DO0966,HC/LF,Female,5,2.407407407,52.6344086
DO0967,HF/LC,Female,5,2.557718425,81.7032967
DO0968,HC/LF,Female,5,2.224392361,75.26595745
DO0969,HF/LC,Female,5,3.11,71.11702128
DO0970,HC/LF,Female,5,2.243033877,64.28571429
DO0971,HF/LC,Female,5,2.572005527,74.79166667
DO0972,HC/LF,Female,5,2.707205331,64.83695652
DO0973,HF/LC,Female,5,2.44,101.3736264
DO0974,HC/LF,Female,5,2.493074792,38.68131868
DO0975,HF/LC,Female,5,2.43,70.83333333
DO0976,HC/LF,Female,5,2.999094613,85.71428571
DO0977,HF/LC,Female,5,2.150283554,88.77777778
DO0978,HC/LF,Female,5,2.165764265,63.40659341
DO0979,HF/LC,Female,5,2.842881944,80.2173913
DO0980,HC/LF,Female,5,2.348814964,
DO0981,HF/LC,Female,5,2.905039567,126.2222222
DO0983,HF/LC,Female,5,2.571614583,68.72340426
DO0984,HC/LF,Female,5,2.518518519,82.66666667
DO0985,HF/LC,Female,5,2.515235457,58.14606742
DO0986,HC/LF,Female,5,2.635774259,62.21590909
DO0987,HF/LC,Female,5,2.394835485,97.68817204
DO0988,HC/LF,Female,5,2.148148148,57.8021978
DO0989,HF/LC,Female,5,2.601775329,76.06741573
DO0990,HC/LF,Female,5,2.479338843,88
DO0991,HF/LC,Female,5,2.398393195,105.2777778
DO0992,HC/LF,Female,5,2.637119114,77.11956522
DO0993,HF/LC,Female,5,2.386062366,104.2045455
DO0994,HC/LF,Female,5,2.36294896,73.97849462
DO0995,HF/LC,Female,5,2.962239583,118.2967033
DO0996,HC/LF,Female,5,2.546401086,60.4494382
DO0997,HF/LC,Female,5,2.87,
DO0998,HC/LF,Female,5,2.587429112,
DO0999,HF/LC,Female,5,2.76816609,75.28089888
DO1000,HC/LF,Female,5,3.431372549,119.4021739
DO1001,HF/LC,Female,5,2.593315972,103.0107527
DO1002,HC/LF,Female,5,2.323968089,51.4673913
DO1003,HF/LC,Female,5,2.55,91.59090909
DO1005,HF/LC,Female,5,2.951388889,104.5212766
DO1006,HC/LF,Female,5,2.604767397,70.79545455
DO1008,HC/LF,Female,5,3,65.66666667
DO1009,HF/LC,Female,5,2.925864223,117.032967
DO1010,HC/LF,Female,5,2.370071208,54.5212766
DO1011,HF/LC,Female,5,3.225806452,75.76923077
DO1012,HC/LF,Male,5,2.7696793,70.97826087
DO1013,HF/LC,Male,5,2.61197837,139.5604396
DO1014,HC/LF,Male,5,3.082155383,97.35955056
DO1015,HF/LC,Male,5,3.26,93.42391304
DO1016,HC/LF,Male,5,2.61,70.92391304
DO1017,HF/LC,Male,5,3.16,97.19101124
DO1018,HC/LF,Male,5,2.958881747,63.95604396
DO1019,HF/LC,Male,5,3.33,94.27777778
DO1020,HC/LF,Male,5,2.938475666,100.3333333
DO1021,HF/LC,Male,5,4.634920635,91.95652174
DO1022,HC/LF,Male,5,2.615933413,53.27777778
DO1023,HF/LC,Male,5,3.550658096,146.4361702
DO1024,HC/LF,Male,5,2.766927083,74.12087912
DO1025,HF/LC,Male,5,3.014053254,79.19354839
DO1026,HC/LF,Male,5,3.494822485,137.6111111
DO1027,HF/LC,Male,5,3.623606305,122.5280899
DO1028,HC/LF,Male,5,2.936276551,85.61797753
DO1029,HF/LC,Male,5,3.107538477,79.19354839
DO1030,HC/LF,Male,5,3.082155383,75.31914894
DO1031,HF/LC,Male,5,3.633217993,98.70786517
DO1032,HC/LF,Male,5,3.038917753,61.17021277
DO1033,HF/LC,Male,5,2.832153269,82.47191011
DO1034,HC/LF,Male,5,3.01,81.75824176
DO1035,HF/LC,Male,5,3.558474659,132.032967
DO1036,HC/LF,Male,5,3.025732868,55.98958333
DO1037,HF/LC,Male,5,2.948678706,90.67708333
DO1038,HC/LF,Male,5,3.921568627,118.0107527
DO1039,HF/LC,Male,5,3.06,66.97802198
DO1040,HC/LF,Male,5,3.244566881,75.28409091
DO1041,HF/LC,Male,5,4.009410842,104.8333333
DO1042,HC/LF,Male,5,3.066128412,70.26041667
DO1043,HF/LC,Male,5,4.07057073,155.4395604
DO1044,HC/LF,Male,5,3.69088812,93.51648352
DO1045,HF/LC,Male,5,3.4698193,105.2272727
DO1046,HC/LF,Male,5,3.135295993,78.62637363
DO1047,HF/LC,Male,5,3.03,82.36263736
DO1048,HC/LF,Male,5,2.856851342,96.0989011
DO1049,HF/LC,Male,5,4.565551711,88.18681319
DO1050,HC/LF,Male,5,3.1,66.48351648
DO1051,HF/LC,Male,5,3.12,108.9772727
DO1052,HC/LF,Male,5,2.983940972,92.65957447
DO1053,HF/LC,Male,5,3.123698459,42.66304348
DO1054,HC/LF,Male,5,2.754820937,81.97802198
DO1055,HF/LC,Male,5,3.101724314,50.10638298
DO1056,HC/LF,Male,5,2.893424036,100.0543478
DO1057,HF/LC,Male,5,3.66,77.63736264
DO1058,HC/LF,Male,5,2.71468144,68.94444444
DO1059,HF/LC,Male,5,2.642587491,89.42105263
DO1060,HC/LF,Male,5,2.77274785,69.5505618
DO1061,HF/LC,Male,5,3.517908386,150.9340659
DO1062,HC/LF,Female,6,2.405247813,68.57142857
DO1063,HF/LC,Female,6,2.508236795,84.89361702
DO1064,HC/LF,Female,6,2.626038781,75.72222222
DO1066,HC/LF,Female,6,2.957101208,53.62637363
DO1067,HF/LC,Female,6,3.460445054,123.8461538
DO1068,HC/LF,Female,6,2.197001249,64.67032967
DO1069,HF/LC,Female,6,2.391327452,96.71875
DO1070,HC/LF,Female,6,2.498958767,57.79569892
DO1071,HF/LC,Female,6,2.603082049,91.55913978
DO1072,HC/LF,Female,6,2.470914127,62.34042553
DO1073,HF/LC,Female,6,2.684807256,97.8125
DO1074,HC/LF,Female,6,2.367105397,80.6043956
DO1076,HC/LF,Female,6,2.4,52.55208333
DO1077,HF/LC,Female,6,3.071527261,81.26373626
DO1078,HC/LF,Female,6,2.914127424,46.41304348
DO1079,HF/LC,Female,6,2.38177824,92.88043478
DO1080,HC/LF,Female,6,2.667658625,66.4516129
DO1081,HF/LC,Female,6,3.082155383,81.19791667
DO1082,HC/LF,Female,6,2.415512465,73.72222222
DO1083,HF/LC,Female,6,2.431134203,80.10989011
DO1084,HC/LF,Female,6,2.138975604,73.02197802
DO1085,HF/LC,Female,6,3.113286131,84.23076923
DO1086,HC/LF,Female,6,2.384423157,53.95604396
DO1087,HF/LC,Female,6,2.648199446,71.81818182
DO1088,HC/LF,Female,6,2.549913194,54.05263158
DO1089,HF/LC,Female,6,2.863286555,106.1235955
DO1090,HC/LF,Female,6,2.654320988,104.7191011
DO1091,HF/LC,Female,6,2.777777778,55.65934066
DO1092,HC/LF,Female,6,2.625622454,70.71428571
DO1093,HF/LC,Female,6,3.047091413,61.79347826
DO1094,HC/LF,Female,6,2.526315789,54.60674157
DO1095,HF/LC,Female,6,2.734414856,77.44680851
DO1096,HC/LF,Female,6,2.864583333,69.1011236
DO1097,HF/LC,Female,6,2.426592798,76.61111111
DO1098,HC/LF,Female,6,2.681440443,66.38297872
DO1099,HF/LC,Female,6,2.44,74.94565217
DO1100,HC/LF,Female,6,2.894627239,98.42391304
DO1101,HF/LC,Female,6,2.880886427,75.56818182
DO1102,HC/LF,Female,6,2.763311723,74.09090909
DO1103,HF/LC,Female,6,2.71,81.26373626
DO1104,HC/LF,Female,6,2.60838063,57.88043478
DO1105,HF/LC,Female,6,3.369341564,148.7640449
DO1106,HC/LF,Female,6,2.387152778,61.92307692
DO1108,HC/LF,Female,6,2.42832364,71.13636364
DO1109,HF/LC,Female,6,2.479338843,80.54347826
DO1110,HC/LF,Female,6,2.814404432,41.29213483
DO1111,HF/LC,Female,6,2.998750521,85.05263158
DO1112,HC/LF,Male,6,2.752380055,84.12087912
DO1113,HF/LC,Male,6,2.856851342,70.65934066
DO1114,HC/LF,Male,6,3.050812162,91.05555556
DO1115,HF/LC,Male,6,3.082155383,97.85714286
DO1116,HC/LF,Male,6,3.189981096,103.7362637
DO1117,HF/LC,Male,6,3.284089701,83.53932584
DO1118,HC/LF,Male,6,2.965986395,75.6043956
DO1119,HF/LC,Male,6,2.933361675,82.1978022
DO1120,HC/LF,Male,6,3.004807692,92.03296703
DO1121,HF/LC,Male,6,2.97,95.76086957
DO1122,HC/LF,Male,6,3.28,80.77777778
DO1123,HF/LC,Male,6,3.31,68.53932584
DO1124,HC/LF,Male,6,3.33,86.26315789
DO1125,HF/LC,Male,6,3.510204082,130.4395604
DO1126,HC/LF,Male,6,2.91,78.59375
DO1127,HF/LC,Male,6,2.727043178,80.76086957
DO1128,HC/LF,Male,6,3.101724314,34.94505495
DO1129,HF/LC,Male,6,3.66,56.35869565
DO1130,HC/LF,Male,6,3.05,71.0106383
DO1131,HF/LC,Male,6,4.123414072,114.8924731
DO1132,HC/LF,Male,6,4.068047337,98.75
DO1133,HF/LC,Male,6,3.437641723,113.8636364
DO1134,HC/LF,Male,6,2.936276551,74.40860215
DO1135,HF/LC,Male,6,4.336168639,146.0989011
DO1136,HC/LF,Male,6,2.976459937,61.38297872
DO1137,HF/LC,Male,6,3.227821741,85.26315789
DO1138,HC/LF,Male,6,3.931180315,79.02173913
DO1139,HF/LC,Male,6,3.642485461,96.64835165
DO1141,HF/LC,Male,6,3.417836125,55.76923077
DO1142,HC/LF,Male,6,2.869592943,76.15384615
DO1143,HF/LC,Male,6,3.025987896,92.61363636
DO1144,HC/LF,Male,6,3.248646397,97.35955056
DO1145,HF/LC,Male,6,3.255208333,101.5384615
DO1147,HF/LC,Male,6,3.742105759,81.33333333
DO1148,HC/LF,Male,6,3.36,56.12359551
DO1149,HF/LC,Male,6,2.925193664,56.0106383
DO1150,HC/LF,Male,6,2.342773844,81.04166667
DO1151,HF/LC,Male,6,2.748854644,56.0106383
DO1152,HC/LF,Male,6,3.058171745,74.62765957
DO1153,HF/LC,Male,6,3.363182007,83.72222222
DO1154,HC/LF,Male,6,3.499642894,96.42045455
DO1155,HF/LC,Male,6,2.744617896,75.10416667
DO1156,HC/LF,Male,6,3.741098948,95
DO1157,HF/LC,Male,6,3.89,78
DO1158,HC/LF,Male,6,2.728395062,116.7021277
DO1159,HF/LC,Male,6,2.799479167,86.61290323
DO1160,HC/LF,Male,6,3.2028067,68.57142857
DO1161,HF/LC,Male,6,3.115754438,97.69662921
DO1162,HC/LF,Female,7,2.626038781,75.82417582
DO1163,HF/LC,Female,7,2.62,69.31818182
DO1164,HC/LF,Female,7,2.646799333,61.26373626
DO1165,HF/LC,Female,7,2.316930598,63.68131868
DO1166,HC/LF,Female,7,2.529493039,53.52272727
DO1167,HF/LC,Female,7,3.306420607,97.8021978
DO1168,HC/LF,Female,7,2.572005527,54.61956522
DO1169,HF/LC,Female,7,2.422022684,113.5164835
DO1170,HC/LF,Female,7,2.24,
DO1171,HF/LC,Female,7,2.681440443,75.54945055
DO1172,HC/LF,Female,7,2.444468062,
DO1173,HF/LC,Female,7,2.782914201,86.54255319
DO1174,HC/LF,Female,7,2.632384451,77.12765957
DO1175,HF/LC,Female,7,2.512449072,149.1573034
DO1176,HC/LF,Female,7,2.846648301,107.9213483
DO1177,HF/LC,Female,7,2.405247813,113.423913
DO1178,HC/LF,Female,7,2.196785756,71.57894737
DO1179,HF/LC,Female,7,2.603082049,97.55555556
DO1180,HC/LF,Female,7,2.444545043,36.81818182
DO1181,HF/LC,Female,7,2.7864493,90.6043956
DO1182,HC/LF,Female,7,2.342689,81.12359551
DO1183,HF/LC,Female,7,2.758554402,149.6276596
DO1184,HC/LF,Female,7,2.127659574,57.58426966
DO1185,HF/LC,Female,7,3.167180359,92.04301075
DO1186,HC/LF,Female,7,2.74,61.7032967
DO1187,HF/LC,Female,7,2.62218141,72.91666667
DO1188,HC/LF,Female,7,3.190914008,67.77777778
DO1189,HF/LC,Female,7,2.573286832,85.65934066
DO1190,HC/LF,Female,7,2.459833795,80.59139785
DO1191,HF/LC,Female,7,2.688914869,110.5555556
DO1192,HC/LF,Female,7,2.523849777,51.11111111
DO1193,HF/LC,Female,7,2.63,81.25
DO1194,HC/LF,Female,7,2.403091414,66.22340426
DO1195,HF/LC,Female,7,2.83,99.89010989
DO1196,HC/LF,Female,7,2.256616257,37.47252747
DO1197,HF/LC,Female,7,2.97029703,65.77777778
DO1198,HC/LF,Female,7,2.603082049,70.70652174
DO1199,HF/LC,Female,7,2.943989797,121.2921348
DO1200,HC/LF,Female,7,2.504155125,83.125
DO1201,HF/LC,Female,7,2.448753463,87.5
DO1202,HC/LF,Female,7,2.499754926,32.8021978
DO1203,HF/LC,Female,7,2.792243767,58.15217391
DO1204,HC/LF,Female,7,2.603889893,91.81318681
DO1205,HF/LC,Female,7,2.197530864,
DO1206,HC/LF,Female,7,2.082465639,75.28089888
DO1207,HF/LC,Female,7,3.611876339,126.1111111
DO1208,HC/LF,Female,7,2.46,78.02197802
DO1209,HF/LC,Female,7,2.551020408,107.0652174
DO1210,HC/LF,Female,7,2.422022684,67.55319149
DO1211,HF/LC,Female,7,4.882737409,113.021978
DO1212,HC/LF,Male,7,3.267973856,82.63736264
DO1213,HF/LC,Male,7,3.93,93.40659341
DO1214,HC/LF,Male,7,3.210884354,108.0729167
DO1215,HF/LC,Male,7,2.613494377,97.92134831
DO1216,HC/LF,Male,7,2.967513536,61.27659574
DO1217,HF/LC,Male,7,3.51,64.84375
DO1218,HC/LF,Male,7,3.279883382,91.02150538
DO1219,HF/LC,Male,7,3.306420607,87.30769231
DO1220,HC/LF,Male,7,2.64,50
DO1221,HF/LC,Male,7,3.395201449,92.11111111
DO1222,HC/LF,Male,7,3.265306122,149.9444444
DO1223,HF/LC,Male,7,3.25443787,81.80851064
DO1224,HC/LF,Male,7,3.335180055,39.88764045
DO1225,HF/LC,Male,7,2.832153269,62.07865169
DO1226,HC/LF,Male,7,3.293794726,87.38636364
DO1227,HF/LC,Male,7,3.22,49.7311828
DO1228,HC/LF,Male,7,2.71468144,100.2197802
DO1229,HF/LC,Male,7,3.428571429,111.6304348
DO1230,HC/LF,Male,7,2.693761815,83.18681319
DO1231,HF/LC,Male,7,3.35600907,77.7173913
DO1232,HC/LF,Male,7,3.195400132,92.06521739
DO1233,HF/LC,Male,7,2.958881747,111
DO1235,HF/LC,Male,7,4.47,67.8125
DO1236,HC/LF,Male,7,3.57,124.7252747
DO1237,HF/LC,Male,7,2.752380055,80.16483516
DO1238,HC/LF,Male,7,2.93,67.60869565
DO1239,HF/LC,Male,7,3.707470414,91.32978723
DO1240,HC/LF,Male,7,3.864643227,72.78409091
DO1241,HF/LC,Male,7,3.436068305,110.6451613
DO1242,HC/LF,Male,7,4.081632653,97.90322581
DO1243,HF/LC,Male,7,3.808192855,111.576087
DO1244,HC/LF,Male,7,2.957101208,90.56179775
DO1245,HF/LC,Male,7,3.429355281,104.7340426
DO1246,HC/LF,Male,7,3.68897929,146.8333333
DO1247,HF/LC,Male,7,2.98009999,66.31578947
DO1248,HC/LF,Male,7,2.659574468,79.38888889
DO1249,HF/LC,Male,7,3.06,70.32967033
DO1250,HC/LF,Male,7,3.11,58.40659341
DO1251,HF/LC,Male,7,2.626038781,85.68181818
DO1252,HC/LF,Male,7,3.168402778,102.4725275
DO1253,HF/LC,Male,7,3.439349112,95.65934066
DO1254,HC/LF,Male,7,2.970011534,118.1382979
DO1255,HF/LC,Male,7,2.45,123.6263736
DO1256,HC/LF,Male,7,4.203652689,92.72222222
DO1257,HF/LC,Male,7,3.33,62.58426966
DO1258,HC/LF,Male,7,3.295582083,85.69148936
DO1259,HF/LC,Male,7,3.602390371,77.16666667
DO1260,HC/LF,Male,7,3.892733564,175.9550562
DO1261,HF/LC,Male,7,3.615014793,89.89010989
DO1262,HC/LF,Female,8,2.550760127,62.81914894
DO1263,HF/LC,Female,8,2.306805075,92.09677419
DO1264,HC/LF,Female,8,2.613018846,60
DO1265,HF/LC,Female,8,2.652790532,66.75531915
DO1266,HC/LF,Female,8,2.8033241,63.85869565
DO1267,HF/LC,Female,8,2.274784971,72.33333333
DO1268,HC/LF,Female,8,2.360813029,60.98901099
DO1269,HF/LC,Female,8,2.42,62.60869565
DO1270,HC/LF,Female,8,2.518078512,56.75531915
DO1271,HF/LC,Female,8,3.125,109.3085106
DO1272,HC/LF,Female,8,2.81603918,77.83333333
DO1273,HF/LC,Female,8,2.814814815,
DO1274,HC/LF,Female,8,2.300844028,66.76136364
DO1275,HF/LC,Female,8,2.508236795,84.94318182
DO1276,HC/LF,Female,8,2.811328613,86.75531915
DO1277,HF/LC,Female,8,3.03,77.03296703
DO1278,HC/LF,Female,8,2.613494377,58.27956989
DO1279,HF/LC,Female,8,3.102873803,101.6483516
DO1280,HC/LF,Female,8,2.422022684,65.44444444
DO1281,HF/LC,Female,8,2.484809028,95.32608696
DO1282,HC/LF,Female,8,3.102873803,67.1978022
DO1283,HF/LC,Female,8,2.224392361,46.26373626
DO1284,HC/LF,Female,8,2.495659722,116.0555556
DO1285,HF/LC,Female,8,2.592669721,129.0625
DO1286,HC/LF,Female,8,2.391327452,60.51136364
DO1287,HF/LC,Female,8,2.856851342,83.06451613
DO1288,HC/LF,Female,8,2.526315789,67.8021978
DO1289,HF/LC,Female,8,2.891966759,90.32967033
DO1290,HC/LF,Female,8,3.468144044,117.9787234
DO1291,HF/LC,Female,8,3.018386651,113.2631579
DO1293,HF/LC,Female,8,2.632384451,115.0561798
DO1294,HC/LF,Female,8,2.71468144,50.98901099
DO1295,HF/LC,Female,8,2.686011175,86.75824176
DO1296,HC/LF,Female,8,2.455862381,60.81521739
DO1297,HF/LC,Female,8,2.526315789,70.74468085
DO1298,HC/LF,Female,8,2.308736985,60.49450549
DO1299,HF/LC,Female,8,2.571614583,74.07608696
DO1300,HC/LF,Female,8,2.283950617,71.59340659
DO1301,HF/LC,Female,8,3.002770083,77.19101124
DO1303,HF/LC,Female,8,2.55,78.45744681
DO1304,HC/LF,Female,8,3.124667871,104.1011236
DO1305,HF/LC,Female,8,2.305887154,101.8681319
DO1306,HC/LF,Female,8,2.652790532,86.81318681
DO1307,HF/LC,Female,8,2.37,135.6741573
DO1308,HC/LF,Female,8,2.403619568,70.94736842
DO1309,HF/LC,Female,8,2.682391028,128.021978
DO1310,HC/LF,Female,8,2.342689,109.6354167
DO1311,HF/LC,Female,8,2.582633649,67.93478261
DO1312,HC/LF,Male,8,2.81,142.8571429
DO1313,HF/LC,Male,8,2.893860947,79.72527473
DO1314,HC/LF,Male,8,2.832153269,135.1136364
DO1315,HF/LC,Male,8,3.729085084,85.26595745
DO1316,HC/LF,Male,8,3.056516724,65
DO1317,HF/LC,Male,8,3.287197232,119.7802198
DO1318,HC/LF,Male,8,2.524237925,91.85393258
DO1319,HF/LC,Male,8,4.15,105.1630435
DO1320,HC/LF,Male,8,2.98,79.06593407
DO1321,HF/LC,Male,8,3.210303729,117.4456522
DO1322,HC/LF,Male,8,2.6,107.6086957
DO1323,HF/LC,Male,8,3.114186851,55.26595745
DO1324,HC/LF,Male,8,3.363182007,151.8478261
DO1325,HF/LC,Male,8,3.12465374,92.11111111
DO1326,HC/LF,Male,8,3.300708038,110.2840909
DO1327,HF/LC,Male,8,3.029114793,76.11702128
DO1328,HC/LF,Male,8,3.53,206.8888889
DO1329,HF/LC,Male,8,2.922733553,92.77173913
DO1330,HC/LF,Male,8,3.03030303,118.4574468
DO1331,HF/LC,Male,8,2.8,107.3595506
DO1332,HC/LF,Male,8,3.497942387,100.0549451
DO1333,HF/LC,Male,8,3.082288623,77.39583333
DO1334,HC/LF,Male,8,3.855399408,98.49462366
DO1335,HF/LC,Male,8,3.476331361,62.52747253
DO1336,HC/LF,Female,8,2.799479167,98.69565217
DO1337,HF/LC,Male,8,3.358486555,109.7802198
DO1338,HC/LF,Male,8,2.729206049,55.16483516
DO1339,HF/LC,Male,8,3.910872781,115.0549451
DO1340,HC/LF,Male,8,3.066128412,96.11702128
DO1341,HF/LC,Male,8,3.25,73.22580645
DO1342,HC/LF,Male,8,2.76,63.18681319
DO1344,HC/LF,Male,8,2.537485582,68.61702128
DO1345,HF/LC,Male,8,3.025732868,100
DO1346,HC/LF,Male,8,3.294717823,125.4395604
DO1347,HF/LC,Male,8,2.997130407,116.741573
DO1348,HC/LF,Male,8,3.400999043,
DO1349,HF/LC,Male,8,3.744515866,77.34042553
DO1350,HC/LF,Male,8,3.021729289,54.42105263
DO1351,HF/LC,Male,8,3.295582083,99.7826087
DO1352,HC/LF,Male,8,3.44,119.0659341
DO1353,HF/LC,Male,8,2.8,77.11956522
DO1354,HC/LF,Male,8,2.63,79.17582418
DO1355,HF/LC,Male,8,3.323203607,126.6666667
DO1356,HC/LF,Male,8,2.825484765,61.97916667
DO1357,HF/LC,Male,8,3.52,73.63157895
DO1358,HC/LF,Male,8,2.81603918,95
DO1359,HF/LC,Male,8,2.85,76.04395604
DO1360,HC/LF,Male,8,2.681440443,96.30434783
DO1361,HF/LC,Male,8,4.353741497,95.93406593
DO1362,HC/LF,Female,9,2.530864198,41.59340659
DO1363,HF/LC,Female,9,2.873894656,103.6813187
DO1364,HC/LF,Female,9,2.43,100.1666667
DO1365,HF/LC,Female,9,2.422022684,64.1011236
DO1366,HC/LF,Female,9,2.759266972,58.47826087
DO1367,HF/LC,Female,9,2.44,122.2159091
DO1368,HC/LF,Female,9,2.723524306,61.37362637
DO1369,HF/LC,Female,9,2.455096185,97.52808989
DO1370,HC/LF,Female,9,2.520522604,59.57446809
DO1371,HF/LC,Female,9,2.176176593,66.44444444
DO1372,HC/LF,Female,9,2.623906706,60.96774194
DO1374,HC/LF,Female,9,2.540121161,57
DO1375,HF/LC,Female,9,2.185185185,61.89473684
DO1376,HC/LF,Female,9,2.666666667,78.07692308
DO1377,HF/LC,Female,9,2.788628472,70.11111111
DO1378,HC/LF,Female,9,2.316090195,64
DO1380,HC/LF,Female,9,2.480149005,87.34375
DO1381,HF/LC,Female,9,2.290712203,81.93548387
DO1382,HC/LF,Female,9,2.405247813,52.78947368
DO1383,HF/LC,Female,9,2.581369248,132.5824176
DO1384,HC/LF,Female,9,2.869806094,67.95454545
DO1385,HF/LC,Female,9,2.376641014,80.6043956
DO1386,HC/LF,Female,9,2.557718425,72.35955056
DO1387,HF/LC,Female,9,2.720799235,82.03296703
DO1388,HC/LF,Female,9,2.969177114,35.10638298
DO1389,HF/LC,Female,9,2.26,92.68817204
DO1390,HC/LF,Female,9,2.736842105,43.26086957
DO1391,HF/LC,Female,9,2.462712452,74.20212766
DO1392,HC/LF,Female,9,2.467179719,49.18478261
DO1393,HF/LC,Female,9,2.967513536,78.95604396
DO1394,HC/LF,Female,9,2.185185185,65.98958333
DO1395,HF/LC,Female,9,2.95382526,99.44444444
DO1396,HC/LF,Female,9,2.670891806,64.12087912
DO1397,HF/LC,Female,9,2.79,128.8541667
DO1398,HC/LF,Female,9,2.295674354,63.13829787
DO1399,HF/LC,Female,9,2.68,88.36956522
DO1400,HC/LF,Female,9,2.43,103.3707865
DO1401,HF/LC,Female,9,2.401955574,129.5744681
DO1402,HC/LF,Female,9,2.178765012,54.03225806
DO1403,HF/LC,Female,9,2.833055583,92.1978022
DO1404,HC/LF,Female,9,2.65514369,81.70212766
DO1405,HF/LC,Female,9,2.446897126,71.48351648
DO1406,HC/LF,Female,9,2.887460463,59.48863636
DO1407,HF/LC,Female,9,3.112267995,63.4375
DO1408,HC/LF,Female,9,2.540121161,64.04494382
DO1409,HF/LC,Female,9,2.757369615,
DO1410,HC/LF,Female,9,2.874049028,105.6593407
DO1411,HF/LC,Female,9,2.862464464,54.13043478
DO1412,HC/LF,Male,9,3.595585618,93.20652174
DO1413,HF/LC,Male,9,2.98009999,123.258427
DO1414,HC/LF,Male,9,2.62962963,92.61363636
DO1415,HF/LC,Male,9,3.808087473,80.11363636
DO1416,HC/LF,Male,9,2.842565598,93.35164835
DO1417,HF/LC,Male,9,3.2,65.71428571
DO1418,HC/LF,Male,9,3.338614758,52.47311828
DO1419,HF/LC,Male,9,3.72,116.576087
DO1420,HC/LF,Male,9,3.009896949,80.4494382
DO1421,HF/LC,Male,9,4.14,79.20454545
DO1422,HC/LF,Male,9,3.248646397,66.05555556
DO1423,HF/LC,Male,9,3.33,151.043956
DO1424,HC/LF,Male,9,3.572438496,96.82291667
DO1425,HF/LC,Male,9,3.482993197,76.41304348
DO1426,HC/LF,Male,9,4.164931279,107.9891304
DO1427,HF/LC,Male,9,3.963718821,100
DO1428,HC/LF,Male,9,3.342013889,84.51086957
DO1429,HF/LC,Male,9,3.645429363,106.344086
DO1430,HC/LF,Male,9,3.732638889,97.41573034
DO1431,HF/LC,Male,9,3.236758714,85.38461538
DO1432,HC/LF,Male,9,2.918069585,91.0326087
DO1433,HF/LC,Male,9,3.396267361,101.9444444
DO1434,HC/LF,Male,9,2.914127424,68.68131868
DO1435,HF/LC,Male,9,2.7696793,96.62921348
DO1436,HC/LF,Male,9,3.342357351,49.72527473
DO1437,HF/LC,Male,9,4,102.7222222
DO1438,HC/LF,Male,9,2.880221065,97.55208333
DO1439,HF/LC,Male,9,2.723524306,97.39361702
DO1440,HC/LF,Male,9,3.42,116.25
DO1441,HF/LC,Male,9,3.119092628,92.69230769
DO1442,HC/LF,Male,9,2.94933432,98.46153846
DO1443,HF/LC,Male,9,2.76,63.77777778
DO1444,HC/LF,Male,9,3.716715976,80
DO1445,HF/LC,Male,9,3.79138322,145.0555556
DO1446,HC/LF,Male,9,3.06122449,107.967033
DO1447,HF/LC,Male,9,3.42,117.34375
DO1448,HC/LF,Male,9,2.704843821,74.78723404
DO1449,HF/LC,Male,9,2.886284722,87.28723404
DO1450,HC/LF,Male,9,3.274188805,354.9438202
DO1451,HF/LC,Male,9,3.355641437,96.52173913
DO1452,HC/LF,Male,9,2.915451895,98.33333333
DO1453,HF/LC,Male,9,4.234467456,115.4494382
DO1454,HC/LF,Male,9,3.809171598,129.2613636
DO1455,HF/LC,Male,9,3.764172336,123.4269663
DO1456,HC/LF,Male,9,3.039642895,82.23404255
DO1457,HF/LC,Male,9,2.82,86.92307692
DO1458,HC/LF,Male,9,3.27,108.4615385
DO1459,HF/LC,Male,9,3.1,70.72916667
DO1460,HC/LF,Male,9,2.823252622,87.42105263
DO1461,HF/LC,Male,9,4.43832262,85.53191489
DO1462,HC/LF,Female,10,2.463470595,74.56989247
DO1463,HF/LC,Female,10,2.326869806,165.6818182
DO1464,HC/LF,Female,10,2.228238234,60.16483516
DO1465,HF/LC,Female,10,3.060899139,86.84782609
DO1466,HC/LF,Female,10,2.555208695,63.47826087
DO1467,HF/LC,Female,10,2.65514369,116.9565217
DO1468,HC/LF,Female,10,2.540121161,94.94444444
DO1469,HF/LC,Female,10,2.805824211,83.33333333
DO1471,HF/LC,Female,10,2.856851342,70.93406593
DO1472,HC/LF,Female,10,2.393351801,74.16666667
DO1473,HF/LC,Female,10,2.712018141,118.7234043
DO1475,HF/LC,Female,10,2.753290665,99.88636364
DO1476,HC/LF,Female,10,2.943989797,61.15384615
DO1477,HF/LC,Female,10,2.625146137,208.4574468
DO1478,HC/LF,Female,10,2.427243087,72.1978022
DO1479,HF/LC,Female,10,2.374763705,63.42391304
DO1481,HF/LC,Female,10,2.540557086,108.5263158
DO1482,HC/LF,Female,10,2.777777778,72.1978022
DO1483,HF/LC,Female,10,2.94668888,106.4444444
DO1484,HC/LF,Female,10,2.315789474,79.73684211
DO1485,HF/LC,Female,10,2.582633649,70.42553191
DO1486,HC/LF,Female,10,2.832153269,88.20224719
DO1487,HF/LC,Female,10,2.383698577,61.77083333
DO1488,HC/LF,Female,10,3.087062088,46.96629213
DO1489,HF/LC,Female,10,2.86,72.81914894
DO1490,HC/LF,Female,10,2.592797784,70.27173913
DO1491,HF/LC,Female,10,2.886284722,79.01098901
DO1492,HC/LF,Female,10,2.70498732,85.53763441
DO1493,HF/LC,Female,10,2.551020408,71.04166667
DO1494,HC/LF,Female,10,2.326869806,61.64835165
DO1495,HF/LC,Female,10,2.278645833,82.24719101
DO1496,HC/LF,Female,10,2.451150422,74.45054945
DO1497,HF/LC,Female,10,2.532084634,75.2173913
DO1498,HC/LF,Female,10,3.274188805,92.76041667
DO1499,HF/LC,Female,10,2.669270833,75.97826087
DO1500,HC/LF,Female,10,2.897238569,103.7912088
DO1501,HF/LC,Female,10,3.581267218,91.71875
DO1502,HC/LF,Female,10,2.53,76.4893617
DO1503,HF/LC,Female,10,3.803548672,129.3010753
DO1504,HC/LF,Female,10,2.682391028,72.1978022
DO1505,HF/LC,Female,10,2.542529586,71.98924731
DO1508,HC/LF,Female,10,2.56,65.11111111
DO1509,HF/LC,Female,10,2.691358025,81.0989011
DO1511,HF/LC,Female,10,2.601456816,
DO1512,HC/LF,Male,10,3.143491124,79.78021978
DO1513,HF/LC,Male,10,3.758169935,117.5555556
DO1514,HC/LF,Male,10,3.34,92.74725275
DO1515,HF/LC,Male,10,3.213957759,88.5483871
DO1516,HC/LF,Male,10,3.133410227,114.3820225
DO1517,HF/LC,Male,10,2.864282968,97.22222222
DO1518,HC/LF,Male,10,2.766927083,64.13043478
DO1519,HF/LC,Male,10,3.03,99.89010989
DO1520,HC/LF,Male,10,3.193551678,80.38461538
DO1521,HF/LC,Male,10,3.454139654,62.25806452
DO1522,HC/LF,Male,10,3.300708038,138.1666667
DO1523,HF/LC,Male,10,2.701822917,61.54255319
DO1524,HC/LF,Male,10,2.56,54.12087912
DO1525,HF/LC,Male,10,3.01,96.07954545
DO1526,HC/LF,Male,10,2.814404432,67.34375
DO1527,HF/LC,Male,10,3.29029571,90.2247191
DO1528,HC/LF,Male,10,3.248076053,77.12765957
DO1529,HF/LC,Male,10,3.102873803,85.85106383
DO1530,HC/LF,Male,10,2.931190584,63.03370787
DO1531,HF/LC,Male,10,3.161982249,113.423913
DO1532,HC/LF,Male,10,3.827662722,84.73684211
DO1533,HF/LC,Male,10,3.364186543,97.8021978
DO1534,HC/LF,Male,10,3.102873803,85.05681818
DO1535,HF/LC,Male,10,3.294717823,104.2696629
DO1536,HC/LF,Male,10,3.772290809,82.24719101
DO1537,HF/LC,Male,10,3.825451749,69.89361702
DO1538,HC/LF,Male,10,2.784567967,78.08510638
DO1539,HF/LC,Male,10,3.016306909,81.45833333
DO1540,HC/LF,Male,10,3.206997085,76.86813187
DO1541,HF/LC,Male,10,2.699542991,70.6043956
DO1542,HC/LF,Male,10,3.662053057,80.2688172
DO1543,HF/LC,Male,10,3.760957677,84.83516484
DO1544,HC/LF,Male,10,2.636142907,56.57608696
DO1545,HF/LC,Male,10,3.746031746,132.4431818
DO1546,HC/LF,Male,10,3.165347772,85.44444444
DO1547,HF/LC,Male,10,4.533147,113.2065217
DO1548,HC/LF,Male,10,3.25,88.90625
DO1549,HF/LC,Male,10,3.209692847,90.2173913
DO1550,HC/LF,Male,10,3.046905037,107.393617
DO1551,HF/LC,Male,10,2.922733553,79.12087912
DO1552,HC/LF,Male,10,3.617292422,115.1648352
DO1553,HF/LC,Male,10,2.742597607,79.12087912
DO1554,HC/LF,Male,10,3.412149173,96.27659574
DO1555,HF/LC,Male,10,3.191080354,108.4736842
DO1556,HC/LF,Male,10,2.77,58.42696629
DO1557,HF/LC,Male,10,3.748558247,200.3296703
DO1558,HC/LF,Male,10,2.880886427,110.106383
DO1559,HF/LC,Male,10,4.229142637,89.72826087
DO1560,HC/LF,Male,10,3.364090734,94.51086957
DO1561,HF/LC,Male,10,2.679012346,61.91011236
DO1562,HC/LF,Female,11,2.469135802,77.69230769
DO1563,HF/LC,Female,11,3.321532695,158.2417582
DO1564,HC/LF,Female,11,2.303854875,32.07865169
DO1565,HF/LC,Female,11,2.54,115
DO1566,HC/LF,Female,11,2.44,37.5
DO1567,HF/LC,Female,11,3.024930748,67.5
DO1568,HC/LF,Female,11,2.136252524,86.32978723
DO1569,HF/LC,Female,11,2.764434859,62.44680851
DO1570,HC/LF,Female,11,2.626038781,68.23863636
DO1571,HF/LC,Female,11,2.559556787,93.94444444
DO1572,HC/LF,Female,11,2.540121161,76.7032967
DO1573,HF/LC,Female,11,2.738442316,168.2417582
DO1574,HC/LF,Female,11,2.925864223,74.0625
DO1575,HF/LC,Female,11,2.448753463,71.04395604
DO1576,HC/LF,Female,11,2.173650525,68.68131868
DO1577,HF/LC,Female,11,2.845059592,91.59340659
DO1578,HC/LF,Female,11,2.271468144,64.83516484
DO1579,HF/LC,Female,11,2.69,91.12359551
DO1580,HC/LF,Female,11,2.693526483,72.78409091
DO1581,HF/LC,Female,11,4.15,92.60416667
DO1582,HC/LF,Female,11,2.384423157,76.35416667
DO1583,HF/LC,Female,11,2.259259259,80.43956044
DO1584,HC/LF,Female,11,2.41,69.5505618
DO1585,HF/LC,Female,11,2.410593029,76.22222222
DO1586,HC/LF,Female,11,2.6,79.07608696
DO1587,HF/LC,Female,11,2.614305115,74.94791667
DO1588,HC/LF,Female,11,2.629842586,67.84210526
DO1589,HF/LC,Female,11,2.397714519,53.57954545
DO1590,HC/LF,Female,11,2.213541667,55.10869565
DO1591,HF/LC,Female,11,2.63,81.12903226
DO1592,HC/LF,Female,11,2.526315789,76.97802198
DO1593,HF/LC,Female,11,2.342907558,120.6666667
DO1594,HC/LF,Female,11,3.052375997,67.60869565
DO1595,HF/LC,Female,11,2.908555908,74.19354839
DO1596,HC/LF,Female,11,2.852661504,68.06451613
DO1597,HF/LC,Female,11,2.37021621,137.8651685
DO1598,HC/LF,Female,11,2.459833795,79.04255319
DO1600,HC/LF,Female,11,2.63,51.50537634
DO1601,HF/LC,Female,11,2.647704937,68.09782609
DO1602,HC/LF,Female,11,2.45,52.25274725
DO1603,HF/LC,Female,11,3.044363966,112.8888889
DO1604,HC/LF,Female,11,2.495659722,61.23595506
DO1605,HF/LC,Female,11,3.44,108.6979167
DO1606,HC/LF,Female,11,3,59.36170213
DO1607,HF/LC,Female,11,2.394835485,103.0319149
DO1608,HC/LF,Female,11,2.928272625,83.11111111
DO1609,HF/LC,Female,11,3.74,136.2637363
DO1610,HC/LF,Female,11,2.555555556,65.2247191
DO1611,HF/LC,Female,11,2.518864917,60.78651685
DO1612,HC/LF,Male,11,2.846648301,82.52808989
DO1613,HF/LC,Male,11,3.7,128.75
DO1614,HC/LF,Male,11,3.01,91.23655914
DO1615,HF/LC,Male,11,2.691272587,60.65217391
DO1616,HC/LF,Male,11,3.294717823,95.32967033
DO1617,HF/LC,Male,11,2.74,85.10638298
DO1618,HC/LF,Male,11,3.548671699,102.5842697
DO1619,HF/LC,Male,11,3.493754913,80.79787234
DO1620,HC/LF,Male,11,3.213296399,77.72222222
DO1621,HF/LC,Male,11,3.379742799,142.8021978
DO1622,HC/LF,Male,11,3.229024943,94.33333333
DO1623,HF/LC,Male,11,2.736842105,64.61956522
DO1624,HC/LF,Male,11,3.245192308,100
DO1625,HF/LC,Male,11,3.694975964,89.20454545
DO1627,HF/LC,Male,11,3.7,124.9444444
DO1629,HF/LC,Male,11,2.795633099,80.38461538
DO1630,HC/LF,Male,11,3.009896949,64.78021978
DO1631,HF/LC,Male,11,3.440475068,115.2247191
DO1632,HC/LF,Male,11,3.092783505,58.51648352
DO1633,HF/LC,Male,11,4.323105578,127.4725275
DO1634,HC/LF,Male,11,3.56,73.29787234
DO1635,HF/LC,Male,11,3.909090909,91.875
DO1636,HC/LF,Male,11,2.893860947,98.93617021
DO1637,HF/LC,Male,11,2.97,67.21052632
DO1638,HC/LF,Male,11,3.152633602,88.75
DO1639,HF/LC,Male,11,3.384006664,76.4673913
DO1640,HC/LF,Male,11,4.012573964,121.5340909
DO1641,HF/LC,Male,11,3.515882741,136.6483516
DO1642,HC/LF,Male,11,2.752683601,57.66666667
DO1643,HF/LC,Male,11,2.928272625,69.27083333
DO1644,HC/LF,Male,11,3.373702422,76.52173913
DO1645,HF/LC,Male,11,2.883506344,116
DO1646,HC/LF,Male,11,3.380207878,94.17582418
DO1647,HF/LC,Male,11,2.8,94.62365591
DO1648,HC/LF,Male,11,3.24,59.94505495
DO1649,HF/LC,Male,11,3.29680892,107.0833333
DO1650,HC/LF,Male,11,3.072862664,111.4673913
DO1651,HF/LC,Male,11,3.100950656,92.0212766
DO1652,HC/LF,Male,11,3.15,121.4285714
DO1653,HF/LC,Male,11,3.30066568,57.23404255
DO1654,HC/LF,Male,11,3.03601108,82.79569892
DO1656,HC/LF,Male,11,3.751531718,99.34782609
DO1657,HF/LC,Male,11,2.852977926,106.827957
DO1658,HC/LF,Male,11,2.810650888,72.52747253
DO1659,HF/LC,Male,11,3.72022557,67.19101124
DO1660,HC/LF,Male,11,2.852661504,83.125
DO1661,HF/LC,Male,11,3.328402367,91.95652174
DO1662,HC/LF,Female,12,2.216066482,73.8172043
DO1663,HF/LC,Female,12,3.165347772,68.24468085
DO1664,HC/LF,Female,12,2.415512465,61.37362637
DO1665,HF/LC,Female,12,2.65,105.7303371
DO1666,HC/LF,Female,12,3.004807692,68.9673913
DO1667,HF/LC,Female,12,2.327504726,101.8947368
DO1668,HC/LF,Female,12,2.22,62.5
DO1669,HF/LC,Female,12,2.874603893,79.11111111
DO1670,HC/LF,Female,12,2.277719968,60.10638298
DO1671,HF/LC,Female,12,3.319686721,88.5326087
DO1672,HC/LF,Female,12,2.559556787,97.11956522
DO1673,HF/LC,Female,12,2.29,100.7386364
DO1675,HF/LC,Female,12,2.610990668,105.4945055
DO1676,HC/LF,Female,12,2.753290665,58.13186813
DO1677,HF/LC,Female,12,2.43,93.64583333
DO1678,HC/LF,Female,12,2.51177394,57.75280899
DO1679,HF/LC,Female,12,3.304662743,118.2258065
DO1680,HC/LF,Female,12,2.918836806,67.63736264
DO1681,HF/LC,Female,12,3.305785124,114.4318182
DO1682,HC/LF,Female,12,2.721627692,44.23076923
DO1683,HF/LC,Female,12,2.75176321,115.8888889
DO1684,HC/LF,Female,12,2.469281664,45.10869565
DO1685,HF/LC,Female,12,2.733528136,86.81318681
DO1686,HC/LF,Female,12,2.459833795,55
DO1687,HF/LC,Female,12,3.113573407,77.60638298
DO1688,HC/LF,Female,12,2.333333333,61.51685393
DO1689,HF/LC,Female,12,2.64825713,78.31460674
DO1690,HC/LF,Female,12,2.728639149,92.09677419
DO1691,HF/LC,Female,12,2.929705215,154.893617
DO1692,HC/LF,Female,12,2.816224529,63.53932584
DO1693,HF/LC,Female,12,2.691358025,55.95744681
DO1694,HC/LF,Female,12,3.07,89.26966292
DO1695,HF/LC,Female,12,2.571845065,55.71428571
DO1696,HC/LF,Female,12,2.457466919,71.75824176
DO1697,HF/LC,Female,12,2.702947846,90.59782609
DO1698,HC/LF,Female,12,2.149584488,85.45454545
DO1699,HF/LC,Female,12,2.64,93.97849462
DO1700,HC/LF,Female,12,2.665556018,66.83333333
DO1701,HF/LC,Female,12,2.770083102,99.72826087
DO1702,HC/LF,Female,12,2.625739645,67.38888889
DO1703,HF/LC,Female,12,2.354006338,61.40449438
DO1704,HC/LF,Female,12,2.5390625,50.77777778
DO1705,HF/LC,Female,12,2.496301775,73.72340426
DO1706,HC/LF,Female,12,2.55,61.11702128
DO1707,HF/LC,Female,12,2.404432133,79.45054945
DO1708,HC/LF,Female,12,2.703805734,66.11702128
DO1709,HF/LC,Female,12,2.320054323,72.58241758
DO1710,HC/LF,Female,12,2.47,58.40425532
DO1711,HF/LC,Female,12,2.182825485,105.4945055
DO1712,HC/LF,Male,12,3.142536476,100.0549451
DO1713,HF/LC,Male,12,3.32,95.16666667
DO1714,HC/LF,Male,12,3.69,100.6818182
DO1715,HF/LC,Male,12,3.975591716,87.28723404
DO1716,HC/LF,Male,12,3.571048996,91.40449438
DO1717,HF/LC,Male,12,3.03,98.68131868
DO1718,HC/LF,Male,12,3.167180359,75.88888889
DO1719,HF/LC,Male,12,3.036389414,81.51041667
DO1720,HC/LF,Male,12,3.050271017,81.82291667
DO1721,HF/LC,Male,12,3.238234069,100.9090909
DO1722,HC/LF,Male,12,3.02009999,123.4831461
DO1723,HF/LC,Male,12,3.69088812,108.172043
DO1724,HC/LF,Male,12,2.936288089,83.42696629
DO1725,HF/LC,Male,12,2.882070385,114.010989
DO1726,HC/LF,Male,12,2.88,91.11111111
DO1727,HF/LC,Male,12,3.01,101.043956
DO1728,HC/LF,Male,12,3.365067396,117.8804348
DO1729,HF/LC,Male,12,3.64544585,108.5795455
DO1730,HC/LF,Male,12,3.957100592,81.0989011
DO1731,HF/LC,Male,12,2.686380675,99.45054945
DO1732,HC/LF,Male,12,2.647704937,59.46808511
DO1733,HF/LC,Male,12,3.627095383,123.6666667
DO1734,HC/LF,Male,12,2.94,73.24468085
DO1735,HF/LC,Male,12,3.39,68.40659341
DO1736,HC/LF,Male,12,2.782914201,62.08791209
DO1737,HF/LC,Male,12,3.078772189,103.2105263
DO1738,HC/LF,Male,12,3.193551678,65.10752688
DO1739,HF/LC,Male,12,3.05,99.71910112
DO1740,HC/LF,Male,12,3.15,74.53125
DO1741,HF/LC,Male,12,3.295582083,102.2340426
DO1742,HC/LF,Male,12,2.827080455,52.63736264
DO1743,HF/LC,Male,12,4.512281951,244.8901099
DO1744,HC/LF,Male,12,2.967513536,97.23958333
DO1745,HF/LC,Male,12,3.1105665,74.84042553
DO1746,HC/LF,Male,12,3.324099723,89.67391304
DO1747,HF/LC,Male,12,3.94,158.6702128
DO1748,HC/LF,Male,12,3.267973856,86.25
DO1749,HF/LC,Male,12,2.682391028,85.2247191
DO1750,HC/LF,Male,12,3.344867359,73.51648352
DO1751,HF/LC,Male,12,3.449901027,165.106383
DO1752,HC/LF,Male,12,3.293345405,76.80851064
DO1753,HF/LC,Male,12,3.41,72.80898876
DO1754,HC/LF,Male,12,2.693953058,89.22222222
DO1755,HF/LC,Male,12,2.652790532,113.423913
DO1756,HC/LF,Male,12,3.069526627,95.83333333
DO1757,HF/LC,Male,12,2.969529086,75.32967033
DO1758,HC/LF,Male,12,3.143491124,75.16129032
DO1759,HF/LC,Male,12,2.825484765,107.8021978
DO1760,HC/LF,Male,12,2.83,74.94565217
